Currículo Entrada,Período de Ingresso,Ingressantes
1999,2011.1,79
1999,2011.2,87
1999,2012.1,88
1999,2012.2,86
1999,2013.1,81
1999,2013.2,93
1999,2014.1,83
1999,2014.2,75
1999,2015.1,94
1999,2015.2,88
